(FICU3552444, 20550, S66566f)
(CLHU3902470, 22400, S25656)
(TCLU3172470, 22340, N54545)
Номер контейнера не найден, кожаный мешок!
(FICU3552444, 20550, S66566f)
(CLHU3902470, 22400, S25656)
(TCLU3172470, 22340, N54545)
Номер контейнера не найден, кожаный мешок!
(FICU3552444, 20550, S66566f)
(CLHU3902470, 2240, S25656)
(TCLU3172470, 2234, N54545)
Номер контейнера не найден, кожаный мешок!
(FICU3552444, 2055, S66566f)
(CLHU3902470, 224, S25656)
(TCLU3172470, 223,4, N54545)
Номер контейнера не найден, кожаный мешок!
(FICU3552444, 205,5, S66566f)
(CLHU3902470, 22,4, S25656)
(TCLU3172470, 22,34, N54545)
Номер контейнера не найден, кожаный мешок!
(FICU3552444, 20,55, S66566f)
(CLHU3902470, 22400, S25656)
CLHU3902470 - контейнер не найден, кожаный мешок!
CLHU3902470 - контейнер не найден, кожаный мешок! - контейнер не найден, кожаный мешок!
CLHU3902470 - контейнер не найден, кожаный мешок! - контейнер не найден, кожаный мешок! - контейнер не найден, кожаный мешок!
TCLU3172470 - контейнер не найден, кожаный мешок!
TCLU3172470 - контейнер не найден, кожаный мешок! - контейнер не найден, кожаный мешок!
TCLU3172470 - контейнер не найден, кожаный мешок! - контейнер не найден, кожаный мешок! - контейнер не найден, кожаный мешок!
TCLU3172470 - контейнер не найден, кожаный мешок! - контейнер не найден, кожаный мешок! - контейнер не найден, кожаный мешок! - контейнер не найден, кожаный мешок!
FESU2094893 - контейнер не найден, кожаный мешок!
FESU2094893 - контейнер не найден, кожаный мешок! - контейнер не найден, кожаный мешок!
FESU2094893 - контейнер не найден, кожаный мешок! - контейнер не найден, кожаный мешок! - контейнер не найден, кожаный мешок!
FESU2094893 - контейнер не найден, кожаный мешок! - контейнер не найден, кожаный мешок! - контейнер не найден, кожаный мешок! - контейнер не найден, кожаный мешок!
FICU3552444 - контейнер не найден, кожаный мешок!
FICU3552444 - контейнер не найден, кожаный мешок! - контейнер не найден, кожаный мешок!
FICU3552444 - контейнер не найден, кожаный мешок! - контейнер не найден, кожаный мешок! - контейнер не найден, кожаный мешок!
FICU3552444 - контейнер не найден, кожаный мешок! - контейнер не найден, кожаный мешок! - контейнер не найден, кожаный мешок! - контейнер не найден, кожаный мешок!
(CLHU3902470, 22400, S25656)
TCLU3172470 - контейнер не найден, кожаный мешок!
TCLU3172470 - контейнер не найден, кожаный мешок! - контейнер не найден, кожаный мешок!
TCLU3172470 - контейнер не найден, кожаный мешок! - контейнер не найден, кожаный мешок! - контейнер не найден, кожаный мешок!
TCLU3172470 - контейнер не найден, кожаный мешок! - контейнер не найден, кожаный мешок! - контейнер не найден, кожаный мешок! - контейнер не найден, кожаный мешок!
FESU2094893 - контейнер не найден, кожаный мешок!
FESU2094893 - контейнер не найден, кожаный мешок! - контейнер не найден, кожаный мешок!
FESU2094893 - контейнер не найден, кожаный мешок! - контейнер не найден, кожаный мешок! - контейнер не найден, кожаный мешок!
FESU2094893 - контейнер не найден, кожаный мешок! - контейнер не найден, кожаный мешок! - контейнер не найден, кожаный мешок! - контейнер не найден, кожаный мешок!
FICU3552444 - контейнер не найден, кожаный мешок!
FICU3552444 - контейнер не найден, кожаный мешок! - контейнер не найден, кожаный мешок!
FICU3552444 - контейнер не найден, кожаный мешок! - контейнер не найден, кожаный мешок! - контейнер не найден, кожаный мешок!
FICU3552444 - контейнер не найден, кожаный мешок! - контейнер не найден, кожаный мешок! - контейнер не найден, кожаный мешок! - контейнер не найден, кожаный мешок!
(CLHU3902470, 22400, S25656)
TCLU3172470 - контейнер не найден, кожаный мешок!
FESU2094893 - контейнер не найден, кожаный мешок!
FICU3552444 - контейнер не найден, кожаный мешок!
(CLHU3902470, 22400, S25656)
(TCLU3172470, 22340, N54545)
(FICU3552444, 20550, S66566f)
(CLHU3902470, 22400, S25656)
(FICU3552444, 20550, S66566f)
(CLHU3902470, 22400, S25656)
(FICU3552444, 20550, S66566f)
(CLHU3902470, 22400, S25656)
TCLU3172470 - не найден!
TCLU3172470 - не найден!
TCLU3172470 - не найден!
TCLU3172470 - не найден!
FESU2114840 - не найден!
FESU2114840 - не найден!
FESU2114840 - не найден!
FESU2114840 - не найден!
FICU3552444 - не найден!
FICU3552444 - не найден!
FICU3552444 - не найден!
FICU3552444 - не найден!
(CLHU3902470, 22400, S25656)
TCLU3172470
TCLU3172470
TCLU3172470
TCLU3172470
FESU2094893
FESU2094893
FESU2094893
FESU2094893
FICU3552444
FICU3552444
FICU3552444
FICU3552444
(CLHU3902470, 22400, S25656)
TCLU3172470
TCLU3172470
TCLU3172470
TCLU3172470
FESU2094893
FESU2094893
FESU2094893
FESU2094893
FICU3552444
FICU3552444
FICU3552444
FICU3552444
(CLHU3902470, 22400, S25656)
TCLU3172470
FESU2094893
FICU3552444
(CLHU3902470, 22400, S25656)
(TCLU3172470, 22340, N54545)
(FICU3552444, 20550, S66566f)
(CLHU3902470, 22400, S25656)
(TCLU3172470, 22340, N54545)
(FICU3552444, 20550, S66566f)
(CLHU3902470, 22400, S25656)
(TCLU3172470, 22340, N54545)
(CLHU3902470, 22400, S25656)
(FICU3552444, 20550, S66566f)
(CLHU3902470, 22400, S25656)
(FICU3552444, 20550, S66566f)
(CLHU3902470, 22400, S25656)
(FICU3552444, 20550, S66566f)
(CLHU3902470, 22400, S25656)
(FICU3552444, 20550, S66566f)
(FICU3552444, 20550, S66566f)
(FICU3552444, 20550, S66566f)
(FICU3552444, 20550, S66566f)
(TRHU1760959, 24180000, S0290322)
(TEMU4874329, 24200000, S0290516)
(FESU2109587, 24220000, S0290442)
(TGHU1552090, 24200000, S0293355)
(TCKU1841672, 24200000, S0293265)
(AMFU3167968, 24220000, S0291167)
(TLLU8165826, 24260000, S0290321)
(TLLU8408947, 24260000, S0290576)
(TGHU1996578, 24200000, S0293255)
(TEMU5490776, 24200000, S0293440)
(TRHU2589265, 24180000, S0293486)
(TEMU5436179, 24200000, S0293434)
(TRHU2542340, 24230000, S0290260)
(TEMU5388390, 24200000, S0290357)
(FESU2091997, 24220000, S0290259)
(FESU2121411, 24220000, S0293266)
(TEMU3925118, 24200000, S0293394)
(TRLU8957716, 24230000, S0290444)
(FESU2082758, 24220000, S0293481)
(TRHU1760959, 24180, S0290322)
(TEMU4874329, 24200, S0290516)
(FESU2109587, 24220, S0290442)
(TGHU1552090, 24200, S0293355)
(TCKU1841672, 24200, S0293265)
(AMFU3167968, 24220, S0291167)
(TLLU8165826, 24260, S0290321)
(TLLU8408947, 24260, S0290576)
(TGHU1996578, 24200, S0293255)
(TEMU5490776, 24200, S0293440)
(TRHU2589265, 24180, S0293486)
(TEMU5436179, 24200, S0293434)
(TRHU2542340, 24230, S0290260)
(TEMU5388390, 24200, S0290357)
(FESU2091997, 24220, S0290259)
(FESU2121411, 24220, S0293266)
(TEMU3925118, 24200, S0293394)
(TRLU8957716, 24230, S0290444)
(FESU2082758, 24220, S0293481)
(TEMU4874329, 24200, S0290516)
(FESU2109587, 24220, S0290442)
(TGHU1552090, 24200, S0293355)
(TCKU1841672, 24200, S0293265)
(AMFU3167968, 24220, S0291167)
(TLLU8165826, 24260, S0290321)
(TLLU8408947, 24260, S0290576)
(TGHU1996578, 24200, S0293255)
(TEMU5490776, 24200, S0293440)
(TRHU2589265, 24180, S0293486)
(TEMU5436179, 24200, S0293434)
(TRHU2542340, 24230, S0290260)
(TEMU5388390, 24200, S0290357)
(FESU2091997, 24220, S0290259)
(FESU2121411, 24220, S0293266)
(TEMU3925118, 24200, S0293394)
(TRLU8957716, 24230, S0290444)
(FESU2082758, 24220, S0293481)
(CLHU3902470, 22400, S25656)
(TCLU3172470, 22340, N54545)
(FICU3552444, 20550, S66566f)
